{
 "chosen": "similarity",
 "similarity": {
  "scale": 1.1986164331068871,
  "rotationDeg": 0.00020655075070865264,
  "tx": -1066.4853969330145,
  "ty": -109.95118940445172,
  "residuals": {
   "i485": {
    "mean": 0.7906405098421505,
    "median": 0.7620490715029535,
    "p95": 1.495096814849569,
    "max": 2.6002002737732632
   },
   "i77": {
    "mean": 1.3598422028346548,
    "median": 1.3437287357361412,
    "p95": 2.373592657787316,
    "max": 2.982097469035014
   }
  }
 },
 "affine": {
  "M": [
   [
    1.1987489453105105,
    -0.00013341050893211914,
    -1066.6271179267442
   ],
   [
    -0.0001067090456707047,
    1.198488106047834,
    -109.60232149067045
   ]
  ],
  "decomposed": {
   "scaleX": 1.1987489500599704,
   "scaleY": 1.1984881134731742,
   "rotationDeg": -0.005100298907931319,
   "shear": -0.00020033267899901948
  },
  "residuals": {
   "i485": {
    "mean": 0.784026888673451,
    "median": 0.764360464446842,
    "p95": 1.5114196593394194,
    "max": 2.62066631570754
   },
   "i77": {
    "mean": 1.3537970908152217,
    "median": 1.3559644376815976,
    "p95": 2.382796571978488,
    "max": 3.1344714086934893
   }
  }
 },
 "meanScale": 1.1986164331068871,
 "worldExtents": {
  "hw77": [
   -642.2,
   144.2,
   1765.8,
   2227.4
  ],
  "hw485": [
   218.4,
   217.3,
   2189.0,
   2396.4
  ],
  "minor": [
   -1066.5,
   -108.7,
   3533.8,
   2618.1
  ],
  "water": [
   -1065.3,
   -108.7,
   3533.8,
   2619.3
  ]
 }
}