{"layer": "hw485", "space": "tile", "worldSize": [2500, 2500], "transform": {"type": "similarity", "scale": 1.1986164331068871, "rotationDeg": 0.00020655075070865264, "tx": -1066.4853969330145, "ty": -109.95118940445172}, "polylines": [{"pts": [[2185.4, 1604.1], [2189.0, 1461.4], [2184.2, 1433.9], [2096.7, 1321.2], [2048.7, 1228.9], [2048.7, 1190.6], [2076.3, 1119.8], [2076.3, 1092.3], [2071.5, 1076.7], [2057.1, 1055.1], [2002.0, 1013.2], [1974.4, 978.4], [1958.8, 940.0], [1951.6, 880.1], [1944.4, 854.9], [1873.7, 700.3], [1853.3, 679.9], [1769.4, 644.0], [1747.9, 624.8], [1683.1, 489.4], [1611.2, 380.3], [1606.4, 365.9], [1601.6, 363.5], [1559.7, 301.2], [1545.3, 288.0], [1474.6, 258.0], [1427.8, 228.1], [1335.5, 219.7], [1245.6, 217.3], [1159.3, 231.7], [1038.3, 241.3], [932.8, 255.6], [919.6, 260.4], [904.0, 270.0], [850.1, 335.9], [816.5, 363.5], [762.6, 381.5], [715.9, 410.3], [673.9, 413.9], [641.5, 409.1], [620.0, 413.9], [609.2, 419.8], [579.2, 454.6], [551.6, 473.8], [479.7, 493.0], [410.2, 530.1], [391.0, 548.1], [333.5, 632.0], [307.1, 694.3], [265.2, 760.2], [256.8, 793.8], [255.6, 840.6], [218.4, 1189.4], [218.4, 1216.9], [228.0, 1267.3], [230.4, 1308.0], [230.4, 1363.2], [219.6, 1547.7], [222.0, 1590.9], [234.0, 1614.9], [248.4, 1629.2], [261.6, 1637.6], [310.7, 1652.0], [327.5, 1665.2], [333.5, 1674.8], [339.5, 1703.6], [353.9, 1733.5], [376.6, 1758.7], [454.6, 1824.6], [495.3, 1902.5], [520.5, 1925.3], [555.2, 1942.1], [578.0, 1958.9], [637.9, 2036.8], [657.1, 2056.0], [715.8, 2087.1], [733.8, 2102.7], [745.8, 2120.7], [750.6, 2137.5], [768.6, 2260.9], [775.8, 2282.5], [796.2, 2314.9], [816.5, 2332.8], [836.9, 2344.8], [868.1, 2350.8], [970.0, 2353.2], [1023.9, 2365.2], [1145.0, 2364.0], [1358.3, 2396.4], [1389.5, 2394.0], [1429.0, 2380.8], [1454.2, 2364.0], [1477.0, 2341.2], [1523.7, 2263.3], [1546.5, 2234.6], [1647.2, 2147.1], [1707.1, 2107.5], [1850.9, 2042.8], [1873.7, 2035.6], [1915.7, 2032.0], [1945.6, 2021.2], [1967.2, 2003.2], [2087.1, 1861.8], [2150.6, 1827.0], [2167.4, 1813.8], [2180.6, 1785.1]], "widthPx": 14.42, "width": 10, "closed": true}]}